Tarih;EIB;EIC;HBU;HVS;HVT;HVZ;KUB;MKG;PPZ;RPP;KPP;SUA;SUC;TNK;TPC;F_XU0300424;Fm_XU0300424;F_XU0300624;Fm_XU0300624;TI2;PPN;TBT;TKM
1.10.2020;145706;0;0;0;0;0;142118;0;0;0;0;0;0;0;0;0;0;0;0;0;0;0;0
12.11.2020;133706;0;0;0;0;0;142118;0;0;0;0;0;0;0;0;0;0;0;0;0;0;0;0
13.11.2020;133706;0;0;0;0;0;142118;0;834;0;0;0;0;0;0;0;0;0;0;0;0;0;0
14.11.2020;133706;0;0;0;0;0;138501,3333;0;2455;0;0;0;0;0;0;0;0;0;0;0;0;0;0
15.11.2020;133706;0;0;0;0;0;134884,6667;0;4076;0;0;0;0;0;0;0;0;0;0;0;0;0;0
16.11.2020;133706;0;0;0;0;0;131268;0;5697;0;0;0;0;0;0;0;0;0;0;0;0;0;0
17.11.2020;133706;0;0;0;0;0;131268;0;7597;0;0;0;0;0;0;0;0;0;0;0;0;0;0
28.11.2020;133706;0;0;0;0;0;131268;0;8270,666667;0;0;0;0;0;0;0;0;0;0;0;0;0;0
29.11.2020;133706;0;0;0;0;0;131268;0;8944,333333;0;0;0;0;0;0;0;0;0;0;0;0;0;0
30.11.2020;133706;0;0;0;0;0;131268;0;9618;0;0;0;0;0;0;0;0;0;0;0;0;0;0
15.12.2020;133706;0;0;0;0;0;131268;0;13338;0;0;0;0;0;0;0;0;0;0;0;0;0;0
19.12.2020;133706;0;0;0;0;0;131268;0;14136;0;0;0;0;0;0;0;0;0;0;0;0;0;0
20.12.2020;133706;0;0;0;0;0;131268;0;14934;0;0;0;0;0;0;0;0;0;0;0;0;0;0
21.12.2020;133706;0;0;0;0;0;131268;0;15732;0;0;0;0;0;0;0;0;0;0;0;0;0;0
24.12.2020;133706;0;0;0;0;0;131268;0;26735;0;0;0;0;0;0;0;0;0;0;0;0;0;0
26.12.2020;133706;0;0;0;0;0;131268;0;26735;0;0;0;0;177;0;0;0;0;0;0;0;0;0
27.12.2020;133706;0;0;0;0;0;131268;0;26735;0;0;0;0;354;0;0;0;0;0;0;0;0;0
28.12.2020;133706;0;0;0;0;0;131268;0;26735;0;0;0;0;531;0;0;0;0;0;0;0;0;0
29.12.2020;133706;0;0;0;0;0;131268;0;28935;0;0;0;0;0;0;0;0;0;0;0;0;0;0
31.12.2020;133706;0;0;0;0;0;131268;0;35067;0;0;0;0;0;0;0;0;0;0;0;0;0;0
1.01.2021;133706;0;0;0;0;0;131268;0;28317;0;0;0;0;0;0;0;0;0;0;0;0;0;0
2.01.2021;133706;0;0;0;0;0;131268;0;21567;0;0;0;0;0;0;0;0;0;0;0;0;0;0
3.01.2021;133706;0;0;0;0;0;131268;0;14817;0;0;0;0;0;0;0;0;0;0;0;0;0;0
4.01.2021;133706;0;0;0;0;0;131268;0;8067;0;0;0;0;0;0;0;0;0;0;0;0;0;0
5.01.2021;133706;0;0;0;0;0;131268;0;30189;0;0;0;0;0;0;0;0;0;0;0;0;0;0
12.01.2021;106706;0;0;0;0;0;131268;0;30189;0;0;0;0;215;0;0;0;0;0;0;0;0;0
13.01.2021;106706;0;0;0;0;0;131268;0;30189;0;0;0;0;500;0;0;0;0;0;0;0;0;0
14.01.2021;106706;0;0;0;0;0;105268;0;30189;0;0;0;1594;14;0;0;0;0;0;0;0;0;0
15.01.2021;106706;0;0;0;0;0;105268;0;35738;0;0;0;1594;0;0;0;0;0;0;0;0;0;0
16.01.2021;106706;0;0;0;0;0;105268;0;35738;0;0;0;2127,333333;0;0;0;0;0;0;0;0;0;0
17.01.2021;106706;0;0;0;0;0;105268;0;35738;0;0;0;2660,666667;0;0;0;0;0;0;0;0;0;0
18.01.2021;106706;0;0;0;0;0;105268;0;35738;0;0;0;3194;0;0;0;0;0;0;0;0;0;0
19.01.2021;106706;0;0;0;0;0;105268;0;36268;0;0;0;3194;0;0;0;0;0;0;0;0;0;0
29.01.2021;106706;0;0;0;0;0;105268;0;43419;0;0;0;3194;0;0;0;0;0;0;0;0;0;0
3.02.2021;106706;0;0;0;0;0;105268;0;39919;0;0;0;3194;0;0;0;0;0;0;0;0;0;0
5.02.2021;106706;0;0;0;0;0;105268;0;39169;0;0;0;3194;0;0;0;0;0;0;0;0;0;0
11.02.2021;106706;0;0;0;0;0;105268;0;31669;0;0;0;3194;796;0;0;0;0;0;0;0;0;0
12.02.2021;106706;0;0;0;0;0;105268;0;31669;0;0;0;3194;0;0;0;0;0;0;0;0;0;0
13.02.2021;106706;0;0;0;0;0;105268;0;31669;0;0;36509;3194;0;0;0;0;0;0;0;0;0;0
14.02.2021;106706;0;0;0;0;0;105268;0;31669;0;0;73018;3194;0;0;0;0;0;0;0;0;0;0
15.02.2021;106706;0;0;0;0;0;105268;0;31669;0;0;109527;3194;0;0;0;0;0;0;0;0;0;0
17.02.2021;106706;0;0;0;0;0;105268;0;38569;0;0;109527;3194;0;0;0;0;0;0;0;0;0;0
26.02.2021;106706;0;0;0;0;0;105268;0;37069;0;0;109527;3194;0;0;0;0;0;0;0;0;0;0
2.03.2021;106706;0;0;0;0;0;105268;0;33569;0;0;109527;3194;0;0;0;0;0;0;0;0;0;0
6.03.2021;106706;0;0;0;0;0;105268;0;33377,33333;0;0;109527;3194;0;0;0;0;0;0;0;0;0;0
7.03.2021;106706;0;0;0;0;0;105268;0;33185,66667;0;0;109527;3194;0;0;0;0;0;0;0;0;0;0
8.03.2021;106706;0;0;0;0;0;105268;0;32994;0;0;109527;3194;0;0;0;0;0;0;0;0;0;0
2.04.2021;106706;0;0;0;0;0;105268;0;31019;0;0;109527;3194;0;0;0;0;0;0;0;0;0;0
1.05.2021;106706;0;0;0;0;0;105268;0;30019;0;0;109527;3194;0;0;0;0;0;0;0;0;0;0
2.05.2021;106706;0;0;0;0;0;105268;0;29019;0;0;109527;3194;0;0;0;0;0;0;0;0;0;0
3.05.2021;106706;0;0;0;0;0;105268;0;28019;0;0;109527;3194;0;0;0;0;0;0;0;0;0;0
11.05.2021;106706;0;0;0;0;0;105268;0;30734;0;0;109527;3194;0;0;0;0;0;0;0;0;0;0
2.06.2021;106706;0;0;0;0;0;105268;0;31599;0;0;109527;3194;0;0;0;0;0;0;0;0;0;0
5.06.2021;106706;0;0;0;0;0;105268;0;31349;0;0;109527;3194;0;0;0;0;0;0;0;0;0;0
6.06.2021;106706;0;0;0;0;0;105268;0;31099;0;0;109527;3194;0;0;0;0;0;0;0;0;0;0
7.06.2021;106706;0;0;0;0;0;105268;0;30849;0;0;109527;3194;0;0;0;0;0;0;0;0;0;0
8.06.2021;106706;0;0;0;0;0;105268;0;30269;0;0;109527;3194;0;0;0;0;0;0;0;0;0;0
12.06.2021;106706;0;0;0;0;0;105268;0;29945,66667;0;0;109527;3194;0;0;0;0;0;0;0;0;0;0
13.06.2021;106706;0;0;0;0;0;105268;0;29622,33333;0;0;109527;3194;0;0;0;0;0;0;0;0;0;0
14.06.2021;106706;0;0;0;0;0;105268;0;29299;0;0;109527;3194;0;0;0;0;0;0;0;0;0;0
15.06.2021;106706;0;0;0;0;0;105268;0;32469;0;0;109527;3194;0;0;0;0;0;0;0;0;0;0
16.06.2021;106706;0;0;0;0;0;105268;0;34229;0;0;109527;3194;0;0;0;0;0;0;0;0;0;0
26.06.2021;106706;0;0;0;0;0;105268;0;29929;0;0;109527;3194;0;0;0;0;0;0;0;0;0;0
27.06.2021;106706;0;0;0;0;0;105268;0;25629;0;0;109527;3194;0;0;0;0;0;0;0;0;0;0
28.06.2021;106706;0;0;0;0;0;105268;0;21329;0;0;109527;3194;0;0;0;0;0;0;0;0;0;0
15.07.2021;106706;0;0;0;0;0;105268;0;24231,5;0;0;109527;3194;0;0;0;0;0;0;0;0;0;0
16.07.2021;106706;0;0;0;0;0;105268;0;27134;0;0;109527;3194;0;0;0;0;0;0;0;0;0;0
3.08.2021;106706;0;0;0;0;0;105268;0;45134;0;0;109527;3194;0;0;0;0;0;0;0;0;0;0
4.08.2021;183706;0;0;0;0;0;105268;0;45134;0;0;179197;3194;0;0;0;0;0;0;0;0;0;0
21.08.2021;183706;0;0;0;0;0;105268;0;45134;0;0;179197;3194;1364,666667;0;0;0;0;0;0;0;0;0
22.08.2021;183706;0;0;0;0;0;105268;0;45134;0;0;179197;3194;2729,333333;0;0;0;0;0;0;0;0;0
23.08.2021;183706;0;0;0;0;0;105268;0;45134;0;0;179197;3194;4094;0;0;0;0;0;0;0;0;0
24.08.2021;183706;0;0;0;0;0;105268;0;45134;0;0;179197;3194;0;0;0;0;0;0;0;0;0;0
25.08.2021;183706;0;0;0;0;0;105268;0;37634;0;0;179197;3194;0;0;0;0;0;0;0;0;0;0
1.09.2021;183706;0;0;0;0;0;105268;0;37634;0;0;179197;3194;2452;0;0;0;0;0;0;0;0;0
2.09.2021;183706;0;0;0;0;0;105268;0;58218;0;0;179197;3194;0;0;0;0;0;0;0;0;0;0
3.09.2021;183706;0;0;0;0;0;105268;0;56518;0;0;179197;3194;0;0;0;0;0;0;0;0;0;0
4.09.2021;183706;0;0;0;0;0;105268;0;56166,33333;0;0;179197;3194;0;0;0;0;0;0;0;0;0;0
5.09.2021;183706;0;0;0;0;0;105268;0;55814,66667;0;0;179197;3194;0;0;0;0;0;0;0;0;0;0
6.09.2021;183706;0;0;0;0;0;105268;0;55463;0;0;179197;3194;0;0;0;0;0;0;0;0;0;0
11.09.2021;183706;0;0;0;0;0;105268;0;55041,33333;0;0;179197;3194;0;0;0;0;0;0;0;0;0;0
12.09.2021;183706;0;0;0;0;0;105268;0;54619,66667;0;0;179197;3194;0;0;0;0;0;0;0;0;0;0
13.09.2021;183706;0;0;0;0;0;105268;0;54198;0;0;179197;3194;0;0;0;0;0;0;0;0;0;0
15.09.2021;183706;0;0;0;0;0;105268;0;53548;0;0;179197;3194;0;0;0;0;0;0;0;0;0;0
16.09.2021;183706;223571;0;0;0;0;136108;0;53548;0;0;179197;3194;0;0;0;0;0;0;0;0;0;0
28.09.2021;183706;223571;0;0;0;0;136108;0;47048;0;0;179197;3194;0;0;0;0;0;0;0;0;0;0
30.09.2021;183706;223571;0;0;0;0;136108;0;54338;0;0;179197;3194;0;0;0;0;0;0;0;0;0;0
2.10.2021;183706;223571;0;0;0;0;136108;0;52658,66667;0;0;179197;3194;0;0;0;0;0;0;0;0;0;0
3.10.2021;183706;223571;0;0;0;0;136108;0;50979,33333;0;0;179197;3194;0;0;0;0;0;0;0;0;0;0
4.10.2021;183706;223571;0;0;0;0;136108;0;49300;0;0;179197;3194;0;0;0;0;0;0;0;0;0;0
6.10.2021;183706;223571;0;0;0;0;136108;0;48650;0;0;179197;3194;0;0;0;0;0;0;0;0;0;0
9.10.2021;183706;223571;0;0;0;0;136108;0;32433,33333;0;0;179197;3194;0;0;0;0;0;0;0;0;0;0
10.10.2021;183706;223571;0;0;0;0;136108;0;16216,66667;0;0;179197;3194;0;0;0;0;0;0;0;0;0;0
11.10.2021;183706;223571;0;0;0;0;136108;0;0;0;0;179197;3194;0;0;0;0;0;0;0;0;0;0
12.10.2021;0;223571;0;0;0;0;136108;0;0;0;0;179197;0;0;0;0;0;0;0;0;0;0;0
15.10.2021;0;223571;0;0;0;0;136108;0;7029;0;0;179197;0;0;0;0;0;0;0;0;0;0;0
16.10.2021;0;223571;0;0;0;0;136108;0;7029;0;0;179197;0;0,333333333;0;0;0;0;0;0;0;0;0
17.10.2021;0;223571;0;0;0;0;136108;0;7029;0;0;179197;0;0,666666667;0;0;0;0;0;0;0;0;0
18.10.2021;0;223571;0;0;0;0;136108;0;7029;0;0;179197;0;1;0;0;0;0;0;0;0;0;0
3.11.2021;0;223571;0;0;0;0;136108;0;0;0;0;179197;0;32;0;0;0;0;0;0;0;0;0
5.11.2021;0;223571;0;0;0;0;136108;0;0;0;0;179197;0;31;0;0;0;0;0;0;0;0;0
13.11.2021;0;223571;0;0;0;0;136108;0;0;0;0;179197;0;31,33333333;0;0;0;0;0;0;0;0;0
14.11.2021;0;223571;0;0;0;0;136108;0;0;0;0;179197;0;31,66666667;0;0;0;0;0;0;0;0;0
15.11.2021;0;223571;0;0;0;0;136108;0;0;0;0;179197;0;32;0;0;0;0;0;0;0;0;0
26.11.2021;0;223571;0;0;0;0;136108;0;0;0;0;179197;0;0;0;0;0;0;0;0;0;0;0
1.12.2021;0;223571;0;0;0;0;136108;0;0;0;0;179197;0;1;0;0;0;0;0;0;0;0;0
11.12.2021;0;223571;0;0;0;0;136108;0;0;0;0;179197;0;0,666666667;0;0;0;0;0;0;0;0;0
12.12.2021;0;223571;0;0;0;0;136108;0;0;0;0;179197;0;0,333333333;0;0;0;0;0;0;0;0;0
13.12.2021;0;223571;0;0;0;0;136108;0;0;0;0;179197;0;0;0;0;0;0;0;0;0;0;0
15.12.2021;0;223571;0;0;0;0;136108;0;0;0;0;179197;0;32;0;0;0;0;0;0;0;0;0
17.12.2021;64968;223571;0;0;0;0;136108;0;0;0;0;179197;0;32;0;0;0;0;0;0;0;0;0
1.01.2022;64968;223571;0;0;0;0;136108;0;0;0;0;179197;0;21,66666667;0;0;0;0;0;0;0;0;0
2.01.2022;64968;223571;0;0;0;0;136108;0;0;0;0;179197;0;11,33333333;0;0;0;0;0;0;0;0;0
3.01.2022;64968;223571;0;0;0;0;136108;0;0;0;0;179197;0;1;0;0;0;0;0;0;0;0;0
4.01.2022;64968;223571;0;0;0;0;136108;0;0;0;0;179197;0;4;0;0;0;0;0;0;0;0;0
6.01.2022;64968;223571;0;0;0;0;136108;0;0;0;0;179197;0;1024;0;0;0;0;0;0;0;0;0
7.01.2022;64968;223571;0;0;0;0;136108;0;0;0;0;179197;0;2;0;0;0;0;0;0;0;0;0
8.01.2022;64968;223571;0;0;0;0;136108;0;0;0;0;179197;0;2,333333333;1380;0;0;0;0;0;0;0;0
9.01.2022;64968;223571;0;0;0;0;136108;0;0;0;0;179197;0;2,666666667;2760;0;0;0;0;0;0;0;0
10.01.2022;64968;223571;0;0;0;0;136108;0;0;0;0;179197;0;3;4140;0;0;0;0;0;0;0;0
16.02.2022;64968;223571;0;0;0;0;136108;0;2931;0;0;179197;0;3;4140;0;0;0;0;0;0;0;0
9.03.2022;64968;223571;0;0;0;0;136108;0;2331;0;0;179197;0;32;4140;0;0;0;0;0;0;0;0
10.03.2022;64968;223571;0;0;0;0;136108;0;2331;0;0;179197;0;2;4140;0;0;0;0;0;0;0;0
29.03.2022;64968;223571;0;0;0;0;136108;0;0;0;0;179197;0;0;4140;0;0;0;0;0;0;0;0
1.04.2022;64968;223571;34600;0;0;0;136108;0;0;0;0;179197;0;3;4140;0;0;0;0;0;0;0;0
5.04.2022;64968;223571;34600;0;0;0;136108;0;3873;0;0;179197;0;5;4140;0;0;0;0;0;0;0;0
12.04.2022;64968;223571;34600;0;0;0;136108;0;3873;0;0;179197;0;32;4140;0;0;0;0;0;0;0;0
15.04.2022;64968;223571;34600;0;0;0;136108;0;0;0;0;179197;0;32;4140;0;0;0;0;0;0;0;0
16.04.2022;64968;223571;49233,33333;0;0;0;136108;0;0;0;0;179197;0;32;4140;0;0;0;0;0;0;0;0
17.04.2022;64968;223571;63866,66667;0;0;0;136108;0;0;0;0;179197;0;32;4140;0;0;0;0;0;0;0;0
18.04.2022;64968;223571;78500;0;0;0;136108;0;0;0;0;179197;0;32;4140;0;0;0;0;0;0;0;0
20.04.2022;64968;223571;119800;0;0;0;136108;0;0;0;0;179197;0;32;4140;0;0;0;0;0;0;0;0
6.05.2022;64968;223571;149200;0;0;0;136108;0;0;0;0;179197;0;32;4140;0;0;0;0;0;0;0;0
10.05.2022;64968;223571;149200;0;0;0;136108;0;0;0;0;179197;0;28;4140;0;0;0;0;0;0;0;0
11.05.2022;64968;223571;175600;0;0;0;136108;0;0;0;0;179197;0;30;4140;0;0;0;0;0;0;0;0
12.05.2022;0;223571;175600;0;0;0;136108;0;0;0;0;179197;0;32;4140;0;0;0;0;0;0;0;0
13.05.2022;0;223571;175600;0;0;0;136108;0;0;0;0;179197;0;9;4140;0;0;0;0;0;0;0;0
14.05.2022;0;223571;180133,3333;0;0;0;136108;0;0;0;0;179197;0;9,666666667;4140;0;0;0;0;0;0;0;0
15.05.2022;0;223571;184666,6667;0;0;0;136108;0;0;0;0;179197;0;10,33333333;4140;0;0;0;0;0;0;0;0
16.05.2022;0;223571;189200;0;0;0;136108;0;0;0;0;179197;0;11;4140;0;0;0;0;0;0;0;0
17.05.2022;0;223571;246900;0;0;0;136108;0;0;0;0;179197;0;13;4140;0;0;0;0;0;0;0;0
3.06.2022;0;223571;246900;0;0;0;136108;0;0;0;0;179197;0;1;4140;0;0;0;0;0;0;0;0
7.06.2022;0;223571;246900;0;0;0;136108;0;0;0;0;166697;0;0;4140;0;0;0;0;0;0;0;0
10.06.2022;0;223571;246900;0;0;0;136108;0;0;0;0;151697;0;32;4140;0;0;0;0;0;0;0;0
11.06.2022;0;223571;246900;0;0;0;136108;0;0;0;0;151697;0;22;4140;0;0;0;0;0;0;0;0
12.06.2022;0;223571;246900;0;0;0;136108;0;0;0;0;151697;0;12;4140;0;0;0;0;0;0;0;0
13.06.2022;0;223571;246900;0;0;0;136108;0;0;0;0;151697;0;2;4140;0;0;0;0;0;0;0;0
15.06.2022;0;223571;246900;0;0;0;136108;0;0;0;0;151697;0;8;4140;0;0;0;0;0;0;0;0
16.06.2022;0;223571;287300;0;0;0;136108;0;0;0;0;151697;0;9;4140;0;0;0;0;0;0;0;0
22.06.2022;0;223571;287300;0;0;0;136108;0;0;0;0;151697;0;8;4140;0;0;0;0;0;0;0;0
25.06.2022;0;223571;287300;0;0;0;136108;0;0;0;0;151697;0;8,333333333;4140;0;0;0;0;0;0;0;0
26.06.2022;0;223571;287300;0;0;0;136108;0;0;0;0;151697;0;8,666666667;4140;0;0;0;0;0;0;0;0
27.06.2022;0;223571;287300;0;0;0;136108;0;0;0;0;151697;0;9;4140;0;0;0;0;0;0;0;0
9.07.2022;0;223571;287300;0;0;0;136108;0;0;0;0;151697;0;7,2;4140;0;0;0;0;0;0;0;0
10.07.2022;0;223571;287300;0;0;0;136108;0;0;0;0;151697;0;5,4;4140;0;0;0;0;0;0;0;0
11.07.2022;0;223571;287300;0;0;0;136108;0;0;0;0;151697;0;3,6;4140;0;0;0;0;0;0;0;0
12.07.2022;0;223571;287300;0;0;0;136108;0;0;0;0;151697;0;1,8;4140;0;0;0;0;0;0;0;0
13.07.2022;0;223571;287300;0;0;0;136108;0;0;0;0;151697;0;0;4140;0;0;0;0;0;0;0;0
19.07.2022;0;223571;312900;0;0;0;136108;0;0;0;0;151697;0;2;4140;0;0;0;0;0;0;0;0
29.07.2022;0;223571;312900;0;0;0;189640;0;0;0;0;151697;0;3;4140;0;0;0;0;0;0;0;0
13.08.2022;0;223571;312900;0;0;0;189640;0;0;0;0;151697;0;2;4140;0;0;0;0;0;0;0;0
14.08.2022;0;223571;312900;0;0;0;189640;0;0;0;0;151697;0;1;4140;0;0;0;0;0;0;0;0
15.08.2022;0;223571;312900;0;0;0;189640;0;0;0;0;151697;0;0;4140;0;0;0;0;0;0;0;0
16.08.2022;0;223571;332800;0;0;0;215054;0;0;0;0;151697;0;0;4140;0;0;0;0;0;0;0;0
26.08.2022;0;223571;332800;0;0;0;215054;0;0;0;0;151697;0;2;4140;0;0;0;0;0;0;0;0
27.08.2022;0;223571;332800;6242,666667;0;0;223631,6667;0;0;0;0;151697;0;2,333333333;4140;0;0;0;0;0;0;0;0
28.08.2022;0;223571;332800;12485,33333;0;0;232209,3333;0;0;0;0;151697;0;2,666666667;4140;0;0;0;0;0;0;0;0
29.08.2022;0;223571;332800;18728;0;0;240787;0;0;0;0;151697;0;3;4140;0;0;0;0;0;0;0;0
9.09.2022;0;223571;182800;18728;0;0;240787;0;0;0;0;151697;0;4005;4140;0;0;0;0;0;0;0;0
10.09.2022;0;223571;182800;18728;0;0;240787;0;0;0;0;151697;0;2673;4140;0;0;0;0;0;0;0;0
11.09.2022;0;223571;182800;18728;0;0;240787;0;0;0;0;151697;0;1341;4140;0;0;0;0;0;0;0;0
12.09.2022;0;223571;182800;18728;0;0;240787;0;0;0;0;151697;0;9;4140;0;0;0;0;0;0;0;0
13.09.2022;0;223571;182800;18728;0;0;476360;0;0;0;0;151697;0;12;4140;0;0;0;0;0;0;0;0
20.09.2022;0;223571;100000;18728;0;0;476360;0;0;0;0;151697;0;1664;4140;0;0;0;0;0;0;0;0
21.09.2022;0;223571;100000;18728;0;0;476360;0;0;0;0;151697;0;2;4140;0;0;0;0;0;0;0;0
22.09.2022;0;223571;100000;18728;0;0;609142;0;0;0;0;151697;0;3;4140;0;0;0;0;0;0;0;0
30.09.2022;0;223571;50000;18728;0;0;609142;0;0;0;0;151697;0;589;4140;0;0;0;0;0;0;0;0
4.10.2022;0;223571;50000;18728;0;0;609142;0;0;0;0;151697;0;3;4140;0;0;0;0;0;0;0;0
5.10.2022;0;223571;50000;18728;0;0;691542;0;0;0;0;151697;0;4;4140;0;0;0;0;0;0;0;0
13.10.2022;0;223571;50000;18728;0;0;691542;0;0;0;0;151697;0;0;4140;0;0;0;0;0;0;0;0
15.10.2022;0;223571;50000;18728;0;0;691542;0;0;0;0;151697;0;0,666666667;4140;0;0;0;0;0;0;0;0
16.10.2022;0;223571;50000;18728;0;0;691542;0;0;0;0;151697;0;1,333333333;4140;0;0;0;0;0;0;0;0
17.10.2022;0;223571;50000;18728;0;0;691542;0;0;0;0;151697;0;2;4140;0;0;0;0;0;0;0;0
16.11.2022;0;223571;50000;18728;0;0;691542;0;0;0;0;151697;0;2;6649;0;0;0;0;0;0;0;0
30.11.2022;0;223571;50000;18728;0;0;691542;0;0;0;0;151697;0;6;6649;0;0;0;0;0;0;0;0
1.12.2022;0;223571;50000;18728;0;0;691542;0;0;0;0;280044;0;7;6649;0;0;0;0;0;0;0;0
21.12.2022;0;223571;50000;18728;0;0;691542;0;0;0;0;280044;0;32;6649;0;0;0;0;0;0;0;0
24.12.2022;0;258797,6667;50000;18728;0;0;691542;0;0;0;0;280044;0;32;6649;0;0;0;0;0;0;0;0
25.12.2022;0;294024,3333;50000;18728;0;0;691542;0;0;0;0;280044;0;32;6649;0;0;0;0;0;0;0;0
26.12.2022;0;329251;50000;18728;0;0;691542;0;0;0;0;280044;0;32;6649;0;0;0;0;0;0;0;0
30.12.2022;0;329251;50000;18728;0;0;691542;0;0;0;0;280044;0;700;6649;0;0;0;0;0;0;0;0
31.12.2022;0;329251;50000;18728;0;0;691542;0;0;0;0;280044;0;469,6666667;6649;0;0;0;0;0;0;0;0
1.01.2023;0;329251;50000;18728;0;0;691542;0;0;0;0;280044;0;239,3333333;6649;0;0;0;0;0;0;0;0
2.01.2023;0;329251;50000;18728;0;0;691542;0;0;0;0;280044;0;9;6649;0;0;0;0;0;0;0;0
3.01.2023;171674;329251;133400;18728;0;0;691542;0;0;0;0;280044;4801;14;6649;0;0;0;0;0;0;0;0
18.02.2023;171674;329251;133400;18728;0;0;691542;0;4805,666667;0;0;280044;4801;13,66666667;6649;0;0;0;0;0;0;0;0
19.02.2023;171674;329251;133400;18728;0;0;691542;0;9611,333333;0;0;280044;4801;13,33333333;6649;0;0;0;0;0;0;0;0
20.02.2023;171674;329251;133400;18728;0;0;691542;0;14417;0;0;280044;4801;13;6649;0;0;0;0;0;0;0;0
24.02.2023;171674;329251;133400;18728;0;0;691542;0;30392;0;0;280044;4801;14;6649;0;0;0;0;0;0;0;0
25.02.2023;171674;329251;133400;18728;0;0;691542;0;33580,33333;0;0;280044;4801;14;6649;0;0;0;0;0;0;0;0
26.02.2023;171674;329251;133400;18728;0;0;691542;0;36768,66667;0;0;280044;4801;14;6649;0;0;0;0;0;0;0;0
27.02.2023;171674;329251;133400;18728;0;0;691542;0;39957;0;0;280044;4801;14;6649;0;0;0;0;0;0;0;0
28.02.2023;171674;329251;133400;18728;0;0;691542;0;65448;0;0;280044;4801;14;6649;0;0;0;0;0;0;0;0
11.03.2023;171674;329251;133400;18728;0;0;691542;0;65448;0;0;280044;4801;12,33333333;6649;0;0;0;0;0;0;0;0
12.03.2023;171674;329251;133400;18728;0;0;691542;0;65448;0;0;280044;4801;10,66666667;6649;0;0;0;0;0;0;0;0
13.03.2023;171674;329251;133400;18728;0;0;691542;0;65448;0;0;280044;4801;9;6649;0;0;0;0;0;0;0;0
14.03.2023;171674;329251;133400;18728;0;0;795848;0;65448;0;0;280044;4801;10;6649;0;0;0;0;0;0;0;0
17.03.2023;171674;329251;133400;18728;0;0;921331;0;65448;0;0;280044;4801;11;6649;0;0;0;0;0;0;0;0
28.03.2023;171674;329251;133400;18728;0;0;921331;0;65448;0;0;280044;4801;0;6649;0;0;0;0;0;0;0;0
31.03.2023;171674;329251;133400;18728;0;0;921331;0;65448;0;0;280044;4801;32;6649;0;0;0;0;0;0;0;0
1.04.2023;171674;329251;133400;18728;0;0;950293,6667;0;65448;0;0;280044;4801;32;6649;0;0;0;0;0;0;0;0
2.04.2023;171674;329251;133400;18728;0;0;979256,3333;0;65448;0;0;280044;4801;32;6649;0;0;0;0;0;0;0;0
3.04.2023;171674;329251;133400;18728;0;0;1008219;0;65448;0;0;280044;4801;32;6649;0;0;0;0;0;0;0;0
5.04.2023;171674;329251;133400;18728;0;0;1008219;0;65448;0;0;280044;4801;0;6649;0;0;0;0;0;0;0;0
6.04.2023;171674;329251;133400;18728;0;0;1008219;0;126901;0;0;280044;4801;0;6649;0;0;0;0;0;0;0;0
15.04.2023;171674;329251;133400;18728;0;0;1008219;0;139057,6667;0;0;280044;4801;0;6649;0;0;0;0;0;0;0;0
16.04.2023;171674;329251;133400;18728;0;0;1008219;0;151214,3333;0;0;280044;4801;0;6649;0;0;0;0;0;0;0;0
17.04.2023;171674;329251;133400;18728;0;0;1008219;0;163371;0;0;280044;4801;0;6649;0;0;0;0;0;0;0;0
18.04.2023;171674;329251;133400;18728;0;0;1008219;0;117241;0;0;280044;4801;0;6649;0;0;0;0;0;0;0;0
20.04.2023;171674;329251;133400;18728;0;0;1365797;0;117241;0;0;280044;4801;3;6649;0;0;0;0;0;0;0;0
26.04.2023;171674;329251;133400;18728;0;0;1365797;0;100000;0;0;280044;4801;835;6649;0;0;0;0;0;0;0;0
27.04.2023;171674;329251;133400;18728;0;0;1365797;0;100000;0;0;280044;4801;0;6649;0;0;0;0;0;0;0;0
28.04.2023;171674;329251;133400;18728;0;0;1365797;0;100000;0;0;280044;4801;4;6649;0;0;0;0;0;0;0;0
13.05.2023;171674;329251;133400;18728;0;0;1365797;0;100000;0;0;280044;4801;2,666666667;6649;0;0;0;0;0;0;0;0
14.05.2023;171674;329251;133400;18728;0;0;1365797;0;100000;0;0;280044;4801;1,333333333;6649;0;0;0;0;0;0;0;0
15.05.2023;171674;329251;133400;18728;0;0;1365797;0;100000;0;0;280044;4801;0;6649;0;0;0;0;0;0;0;0
18.05.2023;171674;329251;133400;18728;0;0;1365797;0;123529;0;0;280044;4801;2;6649;0;0;0;0;0;0;0;0
3.06.2023;171674;329251;133400;18728;0;0;1365797;0;121352,6667;0;0;280044;4801;4,333333333;6649;0;0;0;0;0;0;0;0
4.06.2023;171674;329251;133400;18728;0;0;1365797;0;119176,3333;0;0;280044;4801;6,666666667;6649;0;0;0;0;0;0;0;0
5.06.2023;171674;329251;133400;18728;0;0;1365797;0;117000;0;0;280044;4801;9;6649;0;0;0;0;0;0;0;0
13.06.2023;171674;329251;133400;18728;0;0;1365797;0;117000;0;0;280044;0;2720;6649;0;0;0;0;0;0;0;0
14.06.2023;171674;329251;133400;18728;0;0;1365797;0;117000;0;0;280044;0;3;6649;0;0;0;0;0;0;0;0
15.06.2023;171674;329251;133400;18728;0;0;1472137;0;117000;0;0;280044;0;5;6649;0;0;0;0;0;0;0;0
17.06.2023;171674;329251;146600;18728;0;0;1472137;0;117000;0;0;280044;0;6,666666667;6649;0;0;0;0;0;0;0;0
18.06.2023;171674;329251;159800;18728;0;0;1472137;0;117000;0;0;280044;0;8,333333333;6649;0;0;0;0;0;0;0;0
19.06.2023;171674;329251;173000;18728;0;0;1472137;0;117000;0;0;280044;0;10;6649;0;0;0;0;0;0;0;0
6.07.2023;171674;329251;173000;18728;0;0;1472137;0;117000;0;0;280044;0;0;6649;0;0;0;0;0;0;0;0
22.07.2023;171674;329251;173000;18728;0;0;1472137;0;103666,6667;0;0;280044;0;1,333333333;6649;0;0;0;0;0;0;0;0
23.07.2023;171674;329251;173000;18728;0;0;1472137;0;90333,33333;0;0;280044;0;2,666666667;6649;0;0;0;0;0;0;0;0
24.07.2023;171674;329251;173000;18728;0;0;1472137;0;77000;0;0;280044;0;4;6649;0;0;0;0;0;0;0;0
27.07.2023;0;329251;173000;18728;0;0;1472137;0;77000;0;0;280044;0;2026;6649;0;0;0;0;0;0;0;0
28.07.2023;0;329251;173000;0;0;0;1472137;0;77000;0;0;280044;0;147;6649;0;0;0;0;0;0;0;0
29.07.2023;0;329251;173000;0;0;0;1472137;2379;77000;0;0;280044;0;100,6666667;6649;0;0;0;0;0;0;0;0
30.07.2023;0;329251;173000;0;0;0;1472137;4758;77000;0;0;280044;0;54,33333333;6649;0;0;0;0;0;0;0;0
31.07.2023;0;329251;173000;0;0;0;1472137;7137;77000;0;0;280044;0;8;6649;0;0;0;0;0;0;0;0
1.08.2023;0;329251;173000;0;0;0;1472137;9765;77000;0;0;280044;0;8;6649;0;0;0;0;0;0;0;0
2.08.2023;0;329251;173000;0;0;0;1472137;15925;60000;0;0;280044;0;1559;6649;0;0;0;0;0;0;0;0
3.08.2023;0;329251;173000;0;0;0;1472137;15925;60000;0;0;280044;0;0;6649;0;0;0;0;0;0;0;0
4.08.2023;0;329251;173000;0;0;0;1472137;21528;49200;0;0;280044;0;906;6649;0;0;0;0;0;0;0;0
9.08.2023;0;329251;173000;0;0;0;1472137;21528;49200;0;0;280044;0;2;6649;0;0;0;0;0;0;0;0
10.08.2023;0;329251;173000;0;0;0;1472137;25630;49200;0;0;280044;0;2;6649;0;0;0;0;0;0;0;0
12.08.2023;0;329251;173000;0;0;0;1472137;25630;49200;0;0;280044;0;1,333333333;6649;0;0;0;0;0;0;0;0
13.08.2023;0;329251;173000;0;0;0;1472137;25630;49200;0;0;280044;0;0,666666667;6649;0;0;0;0;0;0;0;0
14.08.2023;0;329251;173000;0;0;0;1472137;25630;49200;0;0;280044;0;0;6649;0;0;0;0;0;0;0;0
15.08.2023;0;329251;173000;0;0;0;1472137;25630;49200;0;0;280044;0;4;6649;0;0;0;0;0;0;0;0
16.08.2023;0;329251;196200;0;0;0;1472137;25630;49200;0;0;280044;0;8;6649;0;0;0;0;0;0;0;0
18.08.2023;0;329251;196200;0;0;0;1472137;25630;49200;0;0;280044;0;7;6649;0;0;0;0;0;0;0;0
26.08.2023;0;329251;196200;0;0;0;1472137;25630;48433,33333;0;0;280044;0;8;6649;0;0;0;0;0;0;0;0
27.08.2023;0;329251;196200;0;0;0;1472137;25630;47666,66667;0;0;280044;0;9;6649;0;0;0;0;0;0;0;0
28.08.2023;0;329251;196200;0;0;0;1472137;25630;46900;0;0;280044;0;10;6649;0;0;0;0;0;0;0;0
2.09.2023;0;329251;196200;0;0;0;1472137;25630;41500;0;0;280044;0;10;6649;0;0;0;0;0;0;0;0
3.09.2023;0;329251;196200;0;0;0;1472137;25630;36100;0;0;280044;0;10;6649;0;0;0;0;0;0;0;0
4.09.2023;0;329251;196200;0;0;0;1472137;25630;30700;0;0;280044;0;10;6649;0;0;0;0;0;0;0;0
13.09.2023;0;329251;196200;0;0;0;1472137;25630;28900;0;0;280044;0;0;6649;0;0;0;0;0;0;0;0
15.09.2023;0;329251;196200;0;26865;0;1472137;25630;28900;0;0;280044;0;0;6649;0;0;0;0;0;0;0;0
20.09.2023;0;329251;196200;0;26865;0;1472137;25630;28250;0;0;280044;0;0;6649;0;0;0;0;0;0;0;0
21.09.2023;0;329251;196200;0;26865;0;1472137;25630;23200;0;0;280044;0;4;6649;0;0;0;0;0;0;0;0
22.09.2023;0;329251;196200;0;26865;0;1472137;25630;20200;0;0;280044;0;4;6649;0;0;0;0;0;0;0;0
28.09.2023;0;329251;196200;0;26865;0;1472137;25630;18340;0;0;280044;0;2;6649;0;0;0;0;0;0;0;0
3.10.2023;0;0;196200;0;26865;0;1472137;25630;18340;0;0;280044;0;1442;6649;0;0;0;0;0;0;0;0
4.10.2023;0;0;196200;0;26865;0;1472137;25630;18340;0;0;0;0;1;6649;0;0;0;0;0;0;0;0
5.10.2023;0;0;196200;0;26865;0;1000000;25630;18340;0;0;0;0;4;0;0;0;0;0;0;0;0;0
6.10.2023;0;0;196200;0;52161;0;1000000;25630;18340;0;0;0;0;4;0;0;0;0;0;0;0;0;0
10.10.2023;0;0;196200;0;52161;0;1000000;25630;9500;0;0;0;0;1;0;0;0;0;0;0;0;0;0
13.10.2023;0;0;196200;0;52161;0;1000000;25630;9500;0;0;0;0;0;0;0;0;0;0;0;0;0;0
14.10.2023;0;0;196200;0;52161;0;1000000;25630;9500;0;0;0;0;785,3333333;0;0;0;0;0;0;0;0;0
15.10.2023;0;0;196200;0;52161;0;1000000;25630;9500;0;0;0;0;1570,666667;0;0;0;0;0;0;0;0;0
16.10.2023;0;0;196200;0;52161;0;1000000;25630;9500;0;0;0;0;2356;0;0;0;0;0;0;0;0;0
18.10.2023;0;0;196200;0;79007;0;1000000;25630;9500;0;0;0;0;1;0;0;0;0;0;0;0;0;0
27.10.2023;0;0;196200;0;79007;0;1000000;25630;6400;0;0;0;0;0;0;0;0;0;0;0;0;0;0
31.10.2023;0;0;196200;0;92282;0;1000000;25630;6400;0;0;0;0;0;0;0;0;0;0;0;0;0;0
4.11.2023;0;0;196200;0;92282;0;1000000;25630;4266,666667;0;0;0;0;0;0;0;0;0;0;0;0;0;0
5.11.2023;0;0;196200;0;92282;0;1000000;25630;2133,333333;0;0;0;0;0;0;0;0;0;0;0;0;0;0
6.11.2023;0;0;196200;0;92282;0;1000000;25630;0;0;0;0;0;0;0;0;0;0;0;0;0;0;0
9.11.2023;0;0;196200;0;92282;0;962000;25630;0;0;0;0;0;0;0;0;0;0;0;0;0;0;0
15.11.2023;0;0;196200;0;119870;0;962000;25630;0;0;0;0;0;0;0;0;0;0;0;0;0;0;0
24.11.2023;0;0;196200;0;112870;0;962000;25630;0;0;0;0;0;0;0;0;0;0;0;0;0;0;0
28.11.2023;0;0;120000;0;112870;0;962000;25630;0;0;0;0;0;0;0;0;0;0;0;0;0;0;0
29.11.2023;0;0;120000;0;147200;0;962000;25630;0;0;0;0;0;0;0;0;0;0;0;0;0;0;0
9.12.2023;0;0;120000;0;146016,6667;0;962000;25630;0;0;0;0;0;1;0;0;0;0;0;0;0;0;0
10.12.2023;0;0;120000;0;144833,3333;0;962000;25630;0;0;0;0;0;2;0;0;0;0;0;0;0;0;0
11.12.2023;0;0;120000;0;143650;0;962000;25630;0;0;0;0;0;3;0;0;0;0;0;0;0;0;0
15.12.2023;0;0;120000;0;143650;0;962000;25630;0;0;0;0;0;2334;0;0;0;0;0;0;0;0;0
16.12.2023;0;0;120000;0;151819;0;962000;25630;0;0;0;0;0;1556,333333;0;0;0;0;0;0;0;0;0
17.12.2023;0;0;120000;0;159988;0;962000;25630;0;0;0;0;0;778,6666667;0;0;0;0;0;0;0;0;0
18.12.2023;0;0;120000;0;168157;0;962000;25630;0;0;0;0;0;1;0;0;0;0;0;0;0;0;0
23.12.2023;0;0;120000;0;167671,3333;0;962000;25630;0;0;0;0;0;1;0;0;0;0;0;0;0;0;0
24.12.2023;0;0;120000;0;167185,6667;0;962000;25630;0;0;0;0;0;1;0;0;0;0;0;0;0;0;0
25.12.2023;0;0;120000;0;166700;0;962000;25630;0;0;0;0;0;1;0;0;0;0;0;0;0;0;0
28.12.2023;0;0;120000;0;162000;0;962000;25630;0;0;0;0;0;6;0;0;0;0;0;0;0;0;0
29.12.2023;0;0;70000;0;162000;0;962000;25630;0;0;0;0;0;12;0;0;0;0;0;0;0;0;0
30.12.2023;0;0;70000;0;162000;0;962000;25630;5966;0;0;0;0;12,25;0;0;0;0;0;0;0;0;0
31.12.2023;0;0;70000;0;162000;0;962000;25630;11932;0;0;0;0;12,5;0;0;0;0;0;0;0;0;0
1.01.2024;0;0;70000;0;162000;0;962000;25630;17898;0;0;0;0;12,75;0;0;0;0;0;0;0;0;0
2.01.2024;0;0;70000;0;162000;0;962000;25630;23864;0;0;0;0;13;0;0;0;0;0;0;0;0;0
3.01.2024;0;0;70000;0;162000;0;962000;25630;23864;66161;0;0;0;13;0;0;0;0;0;0;0;0;0
4.01.2024;0;0;70000;0;162000;13557;1386338;25630;14800;66161;0;0;0;32;0;0;0;0;0;0;0;0;0
5.01.2024;0;0;70000;0;162000;13557;1386338;25630;14800;68541;0;0;0;32;0;0;0;0;0;0;0;0;0
9.01.2024;0;0;70000;0;162000;13557;1386338;25630;13000;68541;0;0;0;32;0;0;0;0;0;0;0;0;0
13.01.2024;0;0;70000;0;162000;13557;1386338;25630;13000;68541;0;0;0;816;0;0;0;0;0;0;0;0;0
14.01.2024;0;0;70000;0;162000;13557;1386338;25630;13000;68541;0;0;0;1600;0;0;0;0;0;0;0;0;0
15.01.2024;0;0;70000;0;162000;13557;1386338;25630;13000;68541;0;0;0;2384;0;0;0;0;0;0;0;0;0
16.01.2024;0;0;70000;0;187995;13557;1386338;25630;13000;68541;0;0;0;3;0;0;0;0;0;0;0;0;0
23.01.2024;0;0;70000;0;187995;13557;1386338;25630;12000;68541;0;0;0;2;0;0;0;0;0;0;0;0;0
24.01.2024;0;0;70000;0;187995;13557;1386338;25630;6800;68541;0;0;0;9;0;0;0;0;0;0;0;0;0
26.01.2024;0;0;70000;0;187995;13557;1386338;25630;6800;68541;0;0;0;10;0;0;0;0;0;0;0;0;0
1.02.2024;0;0;70000;0;187995;13557;1386338;25630;6800;105496;0;0;0;10;0;0;0;0;0;0;0;0;0
2.02.2024;0;0;70000;0;187995;20775;1655261;25630;6800;105496;0;0;0;32;0;0;0;0;0;0;0;0;0
6.02.2024;0;0;70000;0;187995;20775;1655261;25630;6800;117986;0;0;0;1;0;0;0;0;0;0;0;0;0
9.02.2024;0;0;70000;0;187995;20775;1655261;25630;6800;112800;0;0;0;2;0;0;0;0;0;0;0;0;0
16.02.2024;0;0;70000;0;187995;20775;1655261;25630;33240;112800;0;0;0;2;0;0;0;0;0;0;0;0;0
20.02.2024;0;0;70000;0;187000;20775;1655261;25630;33240;112800;0;0;0;5;0;0;0;0;0;0;0;0;0
23.02.2024;0;0;70000;0;187000;20775;1655261;25630;33240;112800;0;0;0;3;0;0;0;0;0;0;0;0;0
27.02.2024;0;0;70000;0;184000;20775;1655261;25630;33240;112800;0;0;0;32;0;0;0;0;0;0;0;0;0
1.03.2024;0;0;70000;0;184000;20775;1655261;25630;33240;112800;54063,99806;0;0;32;0;0;0;0;0;0;0;0;0
2.03.2024;0;0;70000;0;181666,6667;20775;1655261;25630;33240;112800;54063,99806;0;0;32;0;0;0;0;0;0;0;0;0
3.03.2024;0;0;70000;0;179333,3333;20775;1655261;25630;33240;112800;54063,99806;0;0;32;0;0;0;0;0;0;0;0;0
4.03.2024;0;0;70000;0;177000;20775;1655261;25630;33240;112800;54063,99806;0;0;32;0;0;0;0;0;0;0;0;0
6.03.2024;0;0;70000;0;100000;20775;1655261;25630;33240;112800;54063,99806;0;0;32;0;0;0;0;0;0;0;0;0
12.03.2024;0;0;70000;0;95000;20775;1655261;25630;33240;112800;54063,99806;0;0;32;0;0;0;0;0;0;0;0;0
14.03.2024;0;0;70000;0;75000;20775;1655261;25630;33240;112800;54063,99806;0;0;32;0;0;0;0;0;0;0;0;0
15.03.2024;0;0;70000;0;75000;20775;1655261;25630;66549;112800;54063,99806;0;0;32;0;0;0;0;0;0;0;0;0
19.03.2024;0;0;70000;0;60000;20775;1655261;25630;66549;112800;54063,99806;0;0;32;0;0;0;0;0;0;0;0;0
21.03.2024;0;0;70000;0;0;20775;1655261;25630;66549;112800;54063,99806;0;0;32;0;0;0;0;0;0;0;0;0
26.03.2024;0;0;70000;0;0;20775;1655261;25630;66549;112800;12487;0;0;32;0;0;0;0;0;0;0;0;0
27.03.2024;0;0;70000;0;0;20775;1655261;25630;66549;100000;12487;0;0;32;0;0;0;0;0;0;0;0;0
29.03.2024;0;0;0;0;0;20775;1655261;25630;66549;100000;12487;0;0;32;0;10;-10;0;0;0;0;0;0
5.04.2024;0;0;0;0;0;20775;1655261;25630;66549;58000;12487;0;0;32;0;10;-10;0;0;0;0;0;0
16.04.2024;0;0;0;0;0;20775;1655261;25630;66549;58000;12487;0;0;0;0;10;-10;0;0;0;0;0;0
18.04.2024;0;0;0;0;0;20775;1896346;25630;66549;58000;12487;0;0;0;0;10;-10;0;0;0;0;0;0
26.04.2024;0;0;0;0;0;20775;1896346;25630;66549;58000;12487;0;0;0;0;0;0;0;0;0;0;0;0
30.04.2024;0;0;0;0;0;20775;1896346;25630;66549;58000;12487;0;0;0;0;0;0;10;-10;0;0;0;0
1.05.2024;0;0;0;0;0;20775;1896346;25630;66549;58000;0;0;0;0;0;0;0;10;-10;0;0;0;0
7.05.2024;0;0;0;0;0;20775;1300000;25630;66549;58000;0;0;0;0;0;0;0;10;-10;0;0;0;0
10.05.2024;0;0;0;0;0;20775;1300000;25630;66549;58000;0;0;0;0;0;0;0;10;-10;0;0;0;2949762
13.05.2024;0;0;0;0;0;20775;1300000;25630;66549;58000;0;0;0;0;0;0;0;10;-10;269;0;0;0
15.05.2024;0;0;0;0;0;20775;1300000;25630;66549;58000;0;0;0;0;0;0;0;10;-10;269;52433;0;0
21.05.2024;0;0;0;0;0;20775;1300000;25630;66549;58000;0;0;0;0;0;0;0;10;-10;269;61771;0;0
23.05.2024;0;0;0;0;0;20775;1300000;25630;66549;58000;0;0;0;0;0;0;0;10;-10;269;61771;360;0
24.05.2024;0;0;0;0;0;20775;1300000;25630;66549;58000;0;0;0;0;0;0;0;10;-10;269;61771;524;0
27.05.2024;0;0;0;0;0;20775;1300000;25630;64000;0;0;0;0;0;0;0;0;10;-10;269;61771;3533;0
29.05.2024;0;0;0;0;0;20775;1300000;25630;64000;0;0;0;0;0;0;0;0;10;-10;269;61771;3787;0
